"sample_id","doc_id","chunk_id","subchunk_id","author_id","topic_id","sentence_score","same_author"
1,9,0,0,6,4,0.120820645358528,0
2,1,0,0,12,4,0.0941366964932729,0
2,1,1,0,12,4,0.0893767832490973,0
2,1,2,0,12,4,0.0381818902686888,0
2,1,3,0,12,4,0.253040049324262,0
2,1,4,0,12,4,0.140540816257548,0
2,1,5,0,12,4,0.82686424503995,1
2,1,6,0,12,4,0.0598931189189033,0
2,1,7,0,12,4,0.579140487456448,1
2,1,8,0,12,4,0.081497137022238,0
2,1,9,0,12,4,0.222991425680468,0
2,1,10,0,12,4,0.833498104527068,1
2,1,11,0,12,4,0.0685689218415522,0
2,1,12,0,12,4,0.144692349870329,0
2,1,13,0,12,4,0.0785931074892976,0
2,1,14,0,12,4,0.229818978243718,0
2,1,15,0,12,4,0.754053645424105,1
2,1,16,0,12,4,0.0775949194090959,0
2,1,17,0,12,4,0.108195611457179,0
2,1,18,0,12,4,0.151390024348636,0
2,1,19,0,12,4,0.086802427324254,0
2,1,20,0,12,4,0.167341694414775,0
2,1,21,0,12,4,0.0823406521582901,0
2,1,22,0,12,4,0.172076303383509,0
2,1,23,0,12,4,0.28539497537864,0
2,1,24,0,12,4,0.359439874245905,0
2,1,25,0,12,4,0.161915653377532,0
2,1,26,0,12,4,0.0759360149629565,0
2,1,27,0,12,4,0.0550753012566796,0
2,1,28,0,12,4,0.0879680102898054,0
2,1,29,0,12,4,0.0542712391350522,0
2,1,30,0,12,4,0.104460462934815,0
2,1,31,0,12,4,0.161025915229237,0
2,1,32,0,12,4,0.0482643232199023,0
2,1,33,0,12,4,0.347364364325671,0
2,1,34,0,12,4,0.116530235452899,0
2,1,35,0,12,4,0.0887942140750673,0
2,1,36,0,12,4,0.0613139054934036,0
2,1,37,0,12,4,0.0693256209687803,0
2,1,38,0,12,4,0.11231924733375,0
2,1,39,0,12,4,0.0969818214628833,0
2,1,40,0,12,4,0.0551354564463335,0
2,1,41,0,12,4,0.0718477778751911,0
2,1,42,0,12,4,0.124288710916765,0
2,1,43,0,12,4,0.295481025959473,0
2,1,44,0,12,4,0.960609533797787,1
2,1,45,0,12,4,0.169347943953643,0
2,1,46,0,12,4,0.50116522505078,1
2,1,47,0,12,4,0.578995458067927,1
2,1,48,0,12,4,0.249893574236141,0
2,1,49,0,12,4,0.087843191715698,0
2,1,50,0,12,4,0.108960490123741,0
2,1,51,0,12,4,0.0757209034204108,0
2,1,52,0,12,4,0.0467844786417052,0
2,1,53,0,12,4,0.0777853269918697,0
2,1,54,0,12,4,0.0696250284237298,0
2,1,55,0,12,4,0.311104194475751,0
2,1,56,0,12,4,0.0757357144079592,0
2,1,57,0,12,4,0.0982031527107687,0
2,1,58,0,12,4,0.987582977175022,1
2,1,59,0,12,4,0.201034562670697,0
2,1,60,0,12,4,0.147269674949342,0
2,1,61,0,12,4,0.381905628686227,0
2,1,62,0,12,4,0.0591825337700971,0
2,1,63,0,12,4,0.0493362013833199,0
2,1,64,0,12,4,0.0815191199070884,0
2,1,65,0,12,4,0.0588534539713099,0
2,1,66,0,12,4,0.0790250916898247,0
2,1,67,0,12,4,0.0610991786627359,0
2,1,68,0,12,4,0.0461631025964675,0
2,1,69,0,12,4,0.047144283649535,0
2,1,70,0,12,4,0.0711011185521828,0
2,1,71,0,12,4,0.107780031763656,0
2,1,72,0,12,4,0.0919705468482105,0
2,1,73,0,12,4,0.157071020970432,0
2,1,74,0,12,4,0.586435240595012,1
2,1,75,0,12,4,0.187659171979574,0
2,1,76,0,12,4,0.0458349866409815,0
2,1,77,0,12,4,0.0923141592531508,0
2,1,78,0,12,4,0.0601402416521582,0
2,1,79,0,12,4,0.0527308569339186,0
2,1,80,0,12,4,0.0292320749424693,0
2,1,81,0,12,4,0.0793405169579307,0
2,1,82,0,12,4,0.0425962941184331,0
2,1,83,0,12,4,0.430976042239389,0
2,1,84,0,12,4,0.0779708744924734,0
2,1,85,0,12,4,0.0552016606518387,0
2,1,86,0,12,4,0.053915390467416,0
2,1,87,0,12,4,0.122394543587673,0
2,1,88,0,12,4,0.246121600707424,0
2,1,89,0,12,4,0.13878739140194,0
2,1,90,0,12,4,0.124017585109786,0
2,1,91,0,12,4,0.0678311448372499,0
2,1,92,0,12,4,0.127108284589535,0
2,1,93,0,12,4,0.0452048753239551,0
2,1,94,0,12,4,0.127735023260814,0
2,1,95,0,12,4,0.133372916502493,0
2,1,96,0,12,4,0.343151482486217,0
2,1,97,0,12,4,0.183444425218827,0
2,1,98,0,12,4,0.201501172501637,0
2,1,99,0,12,4,0.119735632697862,0
2,1,100,0,12,4,0.121476820193984,0
2,1,101,0,12,4,0.274392431875887,0
2,1,102,0,12,4,0.360039982022764,0
2,1,103,0,12,4,0.0559005640401818,0
2,1,104,0,12,4,0.0543352099531391,0
2,1,105,0,12,4,0.0402262319516456,0
2,1,106,0,12,4,0.187172374203939,0
2,1,107,0,12,4,0.1766272861566,0
2,1,108,0,12,4,0.0615105260725371,0
2,1,109,0,12,4,0.476439288730229,0
2,1,110,0,12,4,0.217503075115245,0
2,1,111,0,12,4,0.123239862654335,0
2,1,112,0,12,4,0.0975038543244111,0
2,1,113,0,12,4,0.19329569469013,0
2,1,114,0,12,4,0.109208637320308,0
2,1,115,0,12,4,0.0582017899188493,0
2,1,116,0,12,4,0.0641417127564545,0
2,1,117,0,12,4,0.0385913593827456,0
2,1,118,0,12,4,0.0499300370636013,0
2,1,119,0,12,4,0.0907444513643327,0
2,1,120,0,12,4,0.39774066040075,0
2,1,121,0,12,4,0.226193670335125,0
2,1,122,0,12,4,0.0602570910317978,0
2,1,123,0,12,4,0.0902652303792457,0
2,1,124,0,12,4,0.161302014265272,0
2,1,125,0,12,4,0.0492930900875555,0
2,1,126,0,12,4,0.108848343530974,0
2,1,127,0,12,4,0.0788931146585098,0
2,1,128,0,12,4,0.0828982761923881,0
2,1,129,0,12,4,0.0731206757524491,0
2,1,130,0,12,4,0.0518188180858432,0
2,1,131,0,12,4,0.126556073898801,0
2,1,132,0,12,4,0.0492977263948698,0
2,1,133,0,12,4,0.0355332521400159,0
2,1,134,0,12,4,0.0502583764141933,0
2,1,135,0,12,4,0.0793605199753686,0
2,1,136,0,12,4,0.0687325221253353,0
2,1,137,0,12,4,0.0590473731302337,0
2,1,138,0,12,4,0.0881494727675326,0
2,1,139,0,12,4,0.0817040347666284,0
2,1,140,0,12,4,0.186350104388166,0
2,1,141,0,12,4,0.083679852626352,0
2,1,142,0,12,4,0.0696244196837684,0
2,1,143,0,12,4,0.105808213142859,0
2,1,144,0,12,4,0.19021426724115,0
2,1,145,0,12,4,0.395096385408265,0
2,1,146,0,12,4,0.0820940807643075,0
2,1,147,0,12,4,0.0743342535425721,0
2,1,148,0,12,4,0.168889292974725,0
2,1,149,0,12,4,0.250358097736751,0
2,1,150,0,12,4,0.617094131892423,1
2,1,151,0,12,4,0.0701678277570904,0
2,1,152,0,12,4,0.0825836909491883,0
2,1,153,0,12,4,0.0901164924604535,0
2,1,154,0,12,4,0.076413010418038,0
2,1,155,0,12,4,0.173506862657239,0
2,1,156,0,12,4,0.717942492652278,1
2,1,157,0,12,4,0.590098589626971,1
2,1,158,0,12,4,0.10770398007752,0
2,1,159,0,12,4,0.24864020181016,0
2,1,160,0,12,4,0.314602892841619,0
2,1,161,0,12,4,0.0516563520595248,0
2,1,162,0,12,4,0.335399834984435,0
2,1,163,0,12,4,0.337638455024597,0
2,1,164,0,12,4,0.453407820543643,0
2,1,165,0,12,4,0.417652283102165,0
2,1,166,0,12,4,0.719998659857056,1
2,1,167,0,12,4,0.0334270894125332,0
2,1,168,0,12,4,0.11433799557903,0
2,1,169,0,12,4,0.110913059314739,0
2,1,170,0,12,4,0.154267937161286,0
2,1,171,0,12,4,0.063552883001597,0
2,1,172,0,12,4,0.520042473273491,1
2,1,173,0,12,4,0.0828843951251919,0
2,1,174,0,12,4,0.123797939004864,0
2,1,175,0,12,4,0.0681529638900171,0
2,1,176,0,12,4,0.218399511191742,0
2,1,177,0,12,4,0.154398020461832,0
2,1,178,0,12,4,0.0622593371852439,0
2,1,179,0,12,4,0.0598049740891693,0
2,1,180,0,12,4,0.0497227504021666,0
2,1,181,0,12,4,0.059577668954362,0
2,1,182,0,12,4,0.0620069858088503,0
2,1,183,0,12,4,0.0953070164813511,0
2,1,184,0,12,4,0.102964140848346,0
2,1,185,0,12,4,0.261947257907959,0
2,1,186,0,12,4,0.225536228154419,0
2,1,187,0,12,4,0.204369477980395,0
2,1,188,0,12,4,0.123349736297292,0
2,1,189,0,12,4,0.0711790599791743,0
2,1,190,0,12,4,0.0551818251998808,0
2,1,191,0,12,4,0.482245192344296,0
3,2,0,0,12,4,0.108865241968773,0
3,2,1,0,12,4,0.240454618504268,0
3,2,2,0,12,4,0.104018213260493,0
3,2,3,0,12,4,0.154547096588217,0
3,2,4,0,12,4,0.183647754320047,0
3,2,5,0,12,4,0.0593107954021682,0
3,2,6,0,12,4,0.0681718107911158,0
3,2,7,0,12,4,0.0688251917137209,0
3,2,8,0,12,4,0.0930951260809322,0
3,2,9,0,12,4,0.069915906462539,0
3,2,10,0,12,4,0.112653460856371,0
3,2,11,0,12,4,0.0495404665210169,0
3,2,12,0,12,4,0.0678910395462209,0
3,2,13,0,12,4,0.255394310375326,0
3,2,14,0,12,4,0.0693202392949766,0
3,2,15,0,12,4,0.0704818278223431,0
3,2,16,0,12,4,0.060308120081774,0
3,2,17,0,12,4,0.0835201279869787,0
3,2,18,0,12,4,0.0457267691990336,0
3,2,19,0,12,4,0.0634082396954449,0
3,2,20,0,12,4,0.0908232234331761,0
3,2,21,0,12,4,0.0619416186999702,0
3,2,22,0,12,4,0.0577128269749293,0
3,2,23,0,12,4,0.0332570678993079,0
3,2,24,0,12,4,0.0513461528864684,0
3,2,25,0,12,4,0.0599387892842203,0
3,2,26,0,12,4,0.0434303971573478,0
3,2,27,0,12,4,0.142909957307345,0
3,2,28,0,12,4,0.0639945112436591,0
3,2,29,0,12,4,0.0519363191845284,0
3,2,30,0,12,4,0.103769353090474,0
3,2,31,0,12,4,0.175242171800541,0
3,2,32,0,12,4,0.0517361659645314,0
3,2,33,0,12,4,0.13651934161307,0
3,2,34,0,12,4,0.0673647242114531,0
3,2,35,0,12,4,0.110177260989085,0
3,2,36,0,12,4,0.088027633556597,0
3,2,37,0,12,4,0.0752013613956078,0
3,2,38,0,12,4,0.0616472139581293,0
3,2,39,0,12,4,0.0849468667089048,0
3,2,40,0,12,4,0.0942709167654783,0
3,2,41,0,12,4,0.0566650300993117,0
3,2,42,0,12,4,0.125431238668865,0
3,2,43,0,12,4,0.275673207705578,0
3,2,44,0,12,4,0.0825335078740989,0
3,2,45,0,12,4,0.085780549925095,0
3,2,46,0,12,4,0.111693014064804,0
3,2,47,0,12,4,0.042300781008469,0
3,2,48,0,12,4,0.0958312522905577,0
3,2,49,0,12,4,0.063202748268614,0
3,2,50,0,12,4,0.0411011876596244,0
3,2,51,0,12,4,0.0557171349685505,0
3,2,52,0,12,4,0.182703538979822,0
3,2,53,0,12,4,0.0574189113319981,0
3,2,54,0,12,4,0.615328854603171,1
3,2,55,0,12,4,0.0404168975468688,0
3,2,56,0,12,4,0.102136001147804,0
3,2,57,0,12,4,0.143703596391337,0
3,2,58,0,12,4,0.0677933244417293,0
3,2,59,0,12,4,0.0665606905349004,0
3,2,60,0,12,4,0.0883837243504731,0
3,2,61,0,12,4,0.774673495898098,1
3,2,62,0,12,4,0.0650134949902897,0
3,2,63,0,12,4,0.0518807178200157,0
3,2,64,0,12,4,0.10493393435636,0
3,2,65,0,12,4,0.0687220618915766,0
3,2,66,0,12,4,0.0734014632579813,0
3,2,67,0,12,4,0.0599121407571958,0
3,2,68,0,12,4,0.0891600388845067,0
3,2,69,0,12,4,0.0593462098189045,0
3,2,70,0,12,4,0.0555150363645717,0
3,2,71,0,12,4,0.0358056377466454,0
3,2,72,0,12,4,0.0516247981860636,0
3,2,73,0,12,4,0.0494637219472526,0
3,2,74,0,12,4,0.0681441374090876,0
3,2,75,0,12,4,0.0583575296892652,0
3,2,76,0,12,4,0.0747678434140096,0
3,2,77,0,12,4,0.0853443756195756,0
3,2,78,0,12,4,0.333364917177284,0
3,2,79,0,12,4,0.152859655188181,0
3,2,80,0,12,4,0.205446398566584,0
3,2,81,0,12,4,0.108146311078415,0
3,2,82,0,12,4,0.170340812806892,0
3,2,83,0,12,4,0.12018158716949,0
3,2,84,0,12,4,0.0862187494705492,0
3,2,85,0,12,4,0.0591401347211351,0
3,2,86,0,12,4,0.0817594001975112,0
3,2,87,0,12,4,0.0533355880466535,0
3,2,88,0,12,4,0.0885924721445961,0
3,2,89,0,12,4,0.183562980440728,0
3,2,90,0,12,4,0.0442437231773463,0
3,2,91,0,12,4,0.135184946332425,0
3,2,92,0,12,4,0.0627022113322491,0
3,2,93,0,12,4,0.0497294629740127,0
3,2,94,0,12,4,0.0401128705564922,0
3,2,95,0,12,4,0.0426100252535018,0
3,2,96,0,12,4,0.065633245503336,0
3,2,97,0,12,4,0.0378084565680046,0
3,2,98,0,12,4,0.986526584918774,1
3,2,99,0,12,4,0.933825725641106,1
3,2,100,0,12,4,0.0970184925839003,0
3,2,101,0,12,4,0.0942674354149232,0
3,2,102,0,12,4,0.408313923174328,0
3,2,103,0,12,4,0.0978255747870773,0
3,2,104,0,12,4,0.0432768614673886,0
3,2,105,0,12,4,0.0684936291897957,0
3,2,106,0,12,4,0.112324286399537,0
3,2,107,0,12,4,0.0594176798456141,0
3,2,108,0,12,4,0.0741484456663242,0
3,2,109,0,12,4,0.117179194166406,0
4,18,0,0,11,4,0.0382089876997753,0
4,18,1,0,11,4,0.0363949213248325,0
4,18,2,0,11,4,0.050072560868257,0
4,18,3,0,11,4,0.0331583427694304,0
4,18,4,0,11,4,0.0724544866965893,0
4,18,5,0,11,4,0.0764564081688756,0
4,18,6,0,11,4,0.0526490395163482,0
4,18,7,0,11,4,0.247852368006111,0
4,18,8,0,11,4,0.0394861820661463,0
4,18,9,0,11,4,0.0528423299071593,0
4,18,10,0,11,4,0.0367604530689415,0
4,18,11,0,11,4,0.0256642010009704,0
4,18,12,0,11,4,0.0715200649064203,0
4,18,13,0,11,4,0.0340117432522401,0
4,18,14,0,11,4,0.0340513561777504,0
4,18,15,0,11,4,0.065515781222942,0
4,18,16,0,11,4,0.0360501675464788,0
4,18,17,0,11,4,0.0413338685575467,0
4,18,18,0,11,4,0.0732983758738878,0
4,18,19,0,11,4,0.0403763368837285,0
4,18,20,0,11,4,0.0407484478206037,0
4,18,21,0,11,4,0.0394508905675908,0
4,18,22,0,11,4,0.209567385483997,0
4,18,23,0,11,4,0.045553997770996,0
4,18,24,0,11,4,0.335887750848403,0
4,18,25,0,11,4,0.0330501748436878,0
4,18,26,0,11,4,0.0523685614573848,0
4,18,27,0,11,4,0.0399406725616585,0
4,18,28,0,11,4,0.0229675655055414,0
4,18,29,0,11,4,0.179502072482264,0
4,18,30,0,11,4,0.0404927065472192,0
4,18,31,0,11,4,0.0274860589515451,0
4,18,32,0,11,4,0.0402662214846357,0
4,18,33,0,11,4,0.0424079286676877,0
4,18,34,0,11,4,0.0291651098998734,0
4,18,35,0,11,4,0.0455084632540818,0
4,18,36,0,11,4,0.0268650910858234,0
4,18,37,0,11,4,0.02880283650728,0
4,18,38,0,11,4,0.0435602327927368,0
4,18,39,0,11,4,0.0393399398243609,0
4,18,40,0,11,4,0.0708348743072325,0
4,18,41,0,11,4,0.0370694610710506,0
4,18,42,0,11,4,0.0444489509606058,0
4,18,43,0,11,4,0.0775905369645346,0
4,18,44,0,11,4,0.0313985183358856,0
4,18,45,0,11,4,0.0463474829825951,0
4,18,46,0,11,4,0.0439131047574255,0
4,18,47,0,11,4,0.0489853158743937,0
4,18,48,0,11,4,0.0856564579381836,0
5,6,0,0,3,4,0.123010584487695,0
5,6,1,0,3,4,0.067627033520462,0
5,6,2,0,3,4,0.0706700027959131,0
5,6,3,0,3,4,0.164939674834241,0
5,6,4,0,3,4,0.0838643858855046,0
5,6,5,0,3,4,0.201722103447971,0
5,6,6,0,3,4,0.667704332187582,1
5,6,7,0,3,4,0.0612681283952844,0
5,6,8,0,3,4,0.117271001083717,0
5,6,9,0,3,4,0.10392291444073,0
5,6,10,0,3,4,0.121940604049559,0
5,6,11,0,3,4,0.113474420214709,0
5,6,12,0,3,4,0.101056846438804,0
5,6,13,0,3,4,0.0649870787078866,0
5,6,14,0,3,4,0.174121748598928,0
5,6,15,0,3,4,0.0790525702766356,0
5,6,16,0,3,4,0.0763379292261542,0
5,6,17,0,3,4,0.100420665217265,0
5,6,18,0,3,4,0.296743514333308,0
5,6,19,0,3,4,0.134380112288615,0
5,6,20,0,3,4,0.231505977438991,0
5,6,21,0,3,4,0.0781955100778575,0
5,6,22,0,3,4,0.129543184934492,0
5,6,23,0,3,4,0.0701764695331846,0
5,6,24,0,3,4,0.0447963293657645,0
5,6,25,0,3,4,0.0368647474181301,0
5,6,26,0,3,4,0.0658954615664037,0
5,6,27,0,3,4,0.0797633101030156,0
5,6,28,0,3,4,0.0811039700912706,0
5,6,29,0,3,4,0.142683504455346,0
5,6,30,0,3,4,0.0550411652370275,0
5,6,31,0,3,4,0.0458104881488892,0
5,6,32,0,3,4,0.314724869830393,0
5,6,33,0,3,4,0.0884751398329001,0
5,6,34,0,3,4,0.23559150157598,0
5,6,35,0,3,4,0.0543712759095225,0
5,6,36,0,3,4,0.0637639136460604,0
5,6,37,0,3,4,0.398655120768872,0
5,6,38,0,3,4,0.120756970177059,0
5,6,39,0,3,4,0.236610160424897,0
5,6,40,0,3,4,0.0539572058554895,0
5,6,41,0,3,4,0.075000774865541,0
5,6,42,0,3,4,0.0670326628172839,0
5,6,43,0,3,4,0.152865591489564,0
5,6,44,0,3,4,0.138011796208676,0
5,6,45,0,3,4,0.0428756396687128,0
5,6,46,0,3,4,0.0394456951002486,0
5,6,47,0,3,4,0.0753992992111317,0
5,6,48,0,3,4,0.0486493657471057,0
5,6,49,0,3,4,0.103084286897622,0
5,6,50,0,3,4,0.146595883020035,0
5,6,51,0,3,4,0.0915315812725116,0
5,6,52,0,3,4,0.06759703587625,0
5,6,53,0,3,4,0.107212511868582,0
5,6,54,0,3,4,0.040364288267232,0
5,6,55,0,3,4,0.0433915084249601,0
5,6,56,0,3,4,0.128154627188131,0
5,6,57,0,3,4,0.039476267869166,0
5,6,58,0,3,4,0.123199459515523,0
5,6,59,0,3,4,0.539289831456785,1
5,6,60,0,3,4,0.0440617624488939,0
5,6,61,0,3,4,0.0666339593177117,0
5,6,62,0,3,4,0.445771823842077,0
5,6,63,0,3,4,0.0980967086485158,0
5,6,64,0,3,4,0.122717157524325,0
5,6,65,0,3,4,0.0502320699480857,0
5,6,66,0,3,4,0.081241552566874,0
5,6,67,0,3,4,0.0573800903903253,0
5,6,68,0,3,4,0.10080008403666,0
5,6,69,0,3,4,0.0997758718777292,0
5,6,70,0,3,4,0.10214632669242,0
5,6,71,0,3,4,0.0858881440868264,0
6,5,0,0,3,4,0.251791824000925,0
6,5,1,0,3,4,0.176355963322,0
6,5,2,0,3,4,0.0854250656700155,0
6,5,3,0,3,4,0.0874021986542159,0
6,5,4,0,3,4,0.128942274011312,0
6,5,5,0,3,4,0.0797940795157193,0
6,5,6,0,3,4,0.0399911397626228,0
6,5,7,0,3,4,0.0927721476806805,0
6,5,8,0,3,4,0.0564607942789066,0
6,5,9,0,3,4,0.0586456518155194,0
6,5,10,0,3,4,0.0969919297250799,0
6,5,11,0,3,4,0.0528010541055392,0
6,5,12,0,3,4,0.0496113585708197,0
6,5,13,0,3,4,0.0833426292713061,0
6,5,14,0,3,4,0.0690381654637948,0
6,5,15,0,3,4,0.079561287874021,0
6,5,16,0,3,4,0.0699406086013976,0
6,5,17,0,3,4,0.0815676376681579,0
6,5,18,0,3,4,0.0817680732432649,0
6,5,19,0,3,4,0.0484952126850087,0
6,5,20,0,3,4,0.135716087604964,0
6,5,21,0,3,4,0.132492237098304,0
6,5,22,0,3,4,0.0478836292565424,0
6,5,23,0,3,4,0.0614198312479069,0
6,5,24,0,3,4,0.991525909027441,1
6,5,25,0,3,4,0.0636808139551359,0
6,5,26,0,3,4,0.0845160889501633,0
6,5,27,0,3,4,0.0855604921065109,0
6,5,28,0,3,4,0.078881835871173,0
6,5,29,0,3,4,0.103959579857995,0
6,5,30,0,3,4,0.0349561373060506,0
6,5,31,0,3,4,0.116851694988224,0
6,5,32,0,3,4,0.0970976419568037,0
6,5,33,0,3,4,0.0507510305728408,0
6,5,34,0,3,4,0.0772538930276212,0
6,5,35,0,3,4,0.110458845964435,0
6,5,36,0,3,4,0.214902722427573,0
6,5,37,0,3,4,0.0556487147432508,0
6,5,38,0,3,4,0.0821017294059698,0
6,5,39,0,3,4,0.0628167297985835,0
6,5,40,0,3,4,0.0841986785673124,0
6,5,41,0,3,4,0.0966761555024696,0
6,5,42,0,3,4,0.130383181376111,0
6,5,43,0,3,4,0.0479391174994923,0
6,5,44,0,3,4,0.0725887151730702,0
6,5,45,0,3,4,0.0681879719808166,0
6,5,46,0,3,4,0.0662690762047522,0
6,5,47,0,3,4,0.0938311622730889,0
6,5,48,0,3,4,0.240585026095606,0
6,5,49,0,3,4,0.0434683250971863,0
6,5,50,0,3,4,0.080092289645593,0
6,5,51,0,3,4,0.0795274233621489,0
6,5,52,0,3,4,0.0752012469706902,0
6,5,53,0,3,4,0.0716771724639291,0
6,5,54,0,3,4,0.080992037326684,0
6,5,55,0,3,4,0.0921490270359484,0
7,39,0,0,0,4,0.0836272528749048,0
7,39,1,0,0,4,0.0770543224502327,0
7,39,2,0,0,4,0.0626040368295654,0
7,39,3,0,0,4,0.150936653008898,0
7,39,4,0,0,4,0.0617734207030148,0
7,39,5,0,0,4,0.0515765695298175,0
7,39,6,0,0,4,0.0712588699178563,0
7,39,7,0,0,4,0.0555399978246421,0
7,39,8,0,0,4,0.149051100183284,0
7,39,9,0,0,4,0.185632198448693,0
7,39,10,0,0,4,0.121402414667877,0
7,39,11,0,0,4,0.987041070317361,1
7,39,12,0,0,4,0.165634547605364,0
7,39,13,0,0,4,0.12502729543503,0
7,39,14,0,0,4,0.0659395990525912,0
7,39,15,0,0,4,0.29251593726906,0
7,39,16,0,0,4,0.0498745563686182,0
7,39,17,0,0,4,0.0438699767668914,0
7,39,18,0,0,4,0.0672366848555557,0
7,39,19,0,0,4,0.0795608952288993,0
7,39,20,0,0,4,0.0483314556838934,0
7,39,21,0,0,4,0.0414373308977872,0
7,39,22,0,0,4,0.0591720588342346,0
7,39,23,0,0,4,0.0794064200247533,0
7,39,24,0,0,4,0.0528049201333181,0
7,39,25,0,0,4,0.0882833588484802,0
7,39,26,0,0,4,0.0849654783191206,0
7,39,27,0,0,4,0.0673682311616192,0
7,39,28,0,0,4,0.067510162296431,0
7,39,29,0,0,4,0.0989513422131127,0
7,39,30,0,0,4,0.044963119353025,0
7,39,31,0,0,4,0.0626840274862269,0
8,23,0,0,8,4,0.0974787473131135,0
8,23,1,0,8,4,0.0756513722472547,0
8,23,2,0,8,4,0.0898944695200796,0
8,23,3,0,8,4,0.092588663984194,0
8,23,4,0,8,4,0.0847159915923105,0
8,23,5,0,8,4,0.0664486616569775,0
8,23,6,0,8,4,0.0877159896831365,0
8,23,7,0,8,4,0.0490270359730128,0
8,23,8,0,8,4,0.0670567769427962,0
8,23,9,0,8,4,0.074381256538022,0
8,23,10,0,8,4,0.144767692470958,0
8,23,11,0,8,4,0.08703086150652,0
8,23,12,0,8,4,0.173350923192742,0
8,23,13,0,8,4,0.05859658900942,0
8,23,14,0,8,4,0.0603205946999009,0
8,23,15,0,8,4,0.0877459793655452,0
8,23,16,0,8,4,0.0908876089586006,0
8,23,17,0,8,4,0.08430402923586,0
8,23,18,0,8,4,0.107076189370423,0
8,23,19,0,8,4,0.05965083917922,0
8,23,20,0,8,4,0.0934526732487719,0
8,23,21,0,8,4,0.0756631489699281,0
8,23,22,0,8,4,0.0731835689818001,0
8,23,23,0,8,4,0.0760709004323176,0
8,23,24,0,8,4,0.0646940828986362,0
8,23,25,0,8,4,0.117747073216717,0
8,23,26,0,8,4,0.106940129274623,0
8,23,27,0,8,4,0.0419756267797488,0
8,23,28,0,8,4,0.0865649785765528,0
8,23,29,0,8,4,0.101240347730262,0
8,23,30,0,8,4,0.378594157258845,0
8,23,31,0,8,4,0.0902580474359762,0
8,23,32,0,8,4,0.0928968924926666,0
8,23,33,0,8,4,0.0417268177477682,0
8,23,34,0,8,4,0.14550246098491,0
8,23,35,0,8,4,0.0453917668379927,0
8,23,36,0,8,4,0.264107632059657,0
8,23,37,0,8,4,0.0410021530620605,0
8,23,38,0,8,4,0.0480273428832956,0
8,23,39,0,8,4,0.108038384122348,0
8,23,40,0,8,4,0.0630236978978508,0
8,23,41,0,8,4,0.0643958073213925,0
8,23,42,0,8,4,0.752540006621786,1
8,23,43,0,8,4,0.0776179387748529,0
8,23,44,0,8,4,0.136286486538848,0
8,23,45,0,8,4,0.135371280139232,0
8,23,46,0,8,4,0.116249514268859,0
8,23,47,0,8,4,0.0829625153574289,0
8,23,48,0,8,4,0.0741820473899582,0
8,23,49,0,8,4,0.0677560255681361,0
8,23,50,0,8,4,0.129273472151015,0
9,30,0,0,5,4,0.482,0
9,30,1,0,5,4,0.0542279315885332,0
9,30,2,0,5,4,0.0367125290531632,0
9,30,3,0,5,4,0.163853142314405,0
9,30,4,0,5,4,0.127711314410822,0
9,30,5,0,5,4,0.0335094990958425,0
9,30,6,0,5,4,0.0806768859160163,0
9,30,7,0,5,4,0.566666666666667,1
9,30,8,0,5,4,0.0202619043327471,0
9,30,9,0,5,4,0.232142857142857,0
9,30,10,0,5,4,0.0558080121464876,0
9,30,11,0,5,4,0.0768722202187763,0
9,30,12,0,5,4,0.125470085470085,0
9,30,13,0,5,4,0.0916049636637872,0
9,30,14,0,5,4,0.0331879714795674,0
9,30,15,0,5,4,0.0477335413637596,0
9,30,16,0,5,4,0.268341503267974,0
9,30,17,0,5,4,0.224940604631007,0
9,30,18,0,5,4,0.0296902783914979,0
9,30,19,0,5,4,0.0643049770650201,0
9,30,20,0,5,4,0.021997062957249,0
9,30,21,0,5,4,0.0666092493724073,0
9,30,22,0,5,4,0.0344466643680851,0
9,30,23,0,5,4,0.75,1
9,30,24,0,5,4,0.0576201978375891,0
9,30,25,0,5,4,0.094728737741584,0
9,30,26,0,5,4,0.0372590849360359,0
9,30,27,0,5,4,1,1
9,30,28,0,5,4,0.0454357427858983,0
9,30,29,0,5,4,0.0524465534675404,0
9,30,30,0,5,4,0.0294110051336961,0
9,30,31,0,5,4,0.11701271851018,0
9,30,32,0,5,4,0.0370065935380337,0
9,30,33,0,5,4,0.0359712918549665,0
9,30,34,0,5,4,0.031450299832848,0
9,30,35,0,5,4,0.0430055568213463,0
9,30,36,0,5,4,0.0622204623757419,0
9,30,37,0,5,4,0.0256260820904838,0
9,30,38,0,5,4,0.0411081809533822,0
9,30,39,0,5,4,0.46588804025875,0
9,30,40,0,5,4,0.126263687293099,0
9,30,41,0,5,4,0.105537337310272,0
9,30,42,0,5,4,0.0505442198491398,0
9,30,43,0,5,4,0.0182436274265125,0
9,30,44,0,5,4,0.179225084950891,0
9,30,45,0,5,4,0.256696428571429,0
9,30,46,0,5,4,0.036926343795909,0
9,30,47,0,5,4,0.373611111111111,0
9,30,48,0,5,4,0.0668400625902064,0
9,30,49,0,5,4,0.0965998817966903,0
9,30,50,0,5,4,0.0418379977365857,0
9,30,51,0,5,4,0.0322625236308516,0
9,30,52,0,5,4,0.0589345839345839,0
9,30,53,0,5,4,0.0265384709321457,0
9,30,54,0,5,4,0.0533458198403851,0
9,30,55,0,5,4,0.0323714146987804,0
9,30,56,0,5,4,0.0238554497378027,0
9,30,57,0,5,4,0.0223883856696967,0
9,30,58,0,5,4,0.0428338466760719,0
9,30,59,0,5,4,0.0974025234235104,0
9,30,60,0,5,4,0.125390512265512,0
9,30,61,0,5,4,0.0468821323231191,0
9,30,62,0,5,4,0.0574877972128297,0
9,30,63,0,5,4,0.236061066126856,0
9,30,64,0,5,4,0.227789218028349,0
10,9,0,0,6,4,0.127260790180459,0
11,34,0,0,0,4,0.0788617520715134,0
11,34,1,0,0,4,0.0658395786064662,0
11,34,2,0,0,4,0.0337986678002687,0
11,34,3,0,0,4,0.0779533464908301,0
11,34,4,0,0,4,0.0690417668564939,0
11,34,5,0,0,4,0.1034306580338,0
11,34,6,0,0,4,0.10192556506073,0
11,34,7,0,0,4,0.079594115930607,0
11,34,8,0,0,4,0.100671209883001,0
11,34,9,0,0,4,0.041286152333836,0
11,34,10,0,0,4,0.0586852250558804,0
11,34,11,0,0,4,0.164610547733855,0
11,34,12,0,0,4,0.11274683393587,0
11,34,13,0,0,4,0.056165572725455,0
11,34,14,0,0,4,0.0464087841691627,0
11,34,15,0,0,4,0.133955842148831,0
11,34,16,0,0,4,0.523459048176121,1
11,34,17,0,0,4,0.311145996100132,0
11,34,18,0,0,4,0.0611925315444786,0
11,34,19,0,0,4,0.072940521480096,0
11,34,20,0,0,4,0.0807499639985245,0
11,34,21,0,0,4,0.0509958968282023,0
11,34,22,0,0,4,0.0337322595937644,0
11,34,23,0,0,4,0.319196451185998,0
11,34,24,0,0,4,0.0427400738762677,0
11,34,25,0,0,4,0.0321205902721249,0
11,34,26,0,0,4,0.0410216137864835,0
11,34,27,0,0,4,0.0475093321937252,0
11,34,28,0,0,4,0.0651029370435265,0
11,34,29,0,0,4,0.0547550782611031,0
11,34,30,0,0,4,0.0996429401117328,0
11,34,31,0,0,4,0.041759743294883,0
11,34,32,0,0,4,0.043009002490914,0
11,34,33,0,0,4,0.126077712882128,0
11,34,34,0,0,4,0.560559632560198,1
11,34,35,0,0,4,0.606312887064724,1
11,34,36,0,0,4,0.127454409833105,0
11,34,37,0,0,4,0.590599984135141,1
11,34,38,0,0,4,0.0868396457989066,0
11,34,39,0,0,4,0.0502234891999488,0
11,34,40,0,0,4,0.040967613305606,0
11,34,41,0,0,4,0.0427363484255023,0
11,34,42,0,0,4,0.0573053091247799,0
11,34,43,0,0,4,0.0746123617882171,0
11,34,44,0,0,4,0.0546739928691845,0
11,34,45,0,0,4,0.0976429703382718,0
11,34,46,0,0,4,0.0768392127094158,0
12,37,0,0,0,4,0.0683940118160469,0
12,37,1,0,0,4,0.0723656119132319,0
12,37,2,0,0,4,0.0521905581265984,0
12,37,3,0,0,4,0.193865435904904,0
12,37,4,0,0,4,0.0352697682085961,0
12,37,5,0,0,4,0.060660375063489,0
12,37,6,0,0,4,0.0497702442113749,0
12,37,7,0,0,4,0.0304300735283543,0
12,37,8,0,0,4,0.0481753252093252,0
12,37,9,0,0,4,0.0397601851308308,0
12,37,10,0,0,4,0.0717034670164546,0
12,37,11,0,0,4,0.780368773056374,1
12,37,12,0,0,4,0.125569481113809,0
12,37,13,0,0,4,0.0741600906399238,0
12,37,14,0,0,4,0.191532082926045,0
12,37,15,0,0,4,0.0521110878950838,0
12,37,16,0,0,4,0.047204273625309,0
12,37,17,0,0,4,0.242842835638828,0
12,37,18,0,0,4,0.14311165447267,0
12,37,19,0,0,4,0.0317193538343849,0
12,37,20,0,0,4,0.0553655084578715,0
12,37,21,0,0,4,0.0754888043349289,0
12,37,22,0,0,4,0.055833220721819,0
12,37,23,0,0,4,0.0355087352724016,0
12,37,24,0,0,4,0.0539806734902767,0
12,37,25,0,0,4,0.144964992230459,0
12,37,26,0,0,4,0.0315863573475722,0
12,37,27,0,0,4,0.184497839880795,0
12,37,28,0,0,4,0.0436139130523135,0
12,37,29,0,0,4,0.0548020839993864,0
12,37,30,0,0,4,0.118013684914959,0
12,37,31,0,0,4,0.044900019269111,0
12,37,32,0,0,4,0.0467390730218194,0
12,37,33,0,0,4,0.0385944923241303,0
12,37,34,0,0,4,0.196581328228056,0
12,37,35,0,0,4,0.0314062929109982,0
12,37,36,0,0,4,0.101420830060932,0
12,37,37,0,0,4,0.0604595381074458,0
12,37,38,0,0,4,0.0318693041230319,0
12,37,39,0,0,4,0.118631519174651,0
12,37,40,0,0,4,0.128688097254828,0
13,12,0,0,6,4,0.0449598730819599,0
13,12,1,0,6,4,0.0442310971980461,0
13,12,2,0,6,4,0.0319907274648552,0
13,12,3,0,6,4,0.0644683143684807,0
13,12,4,0,6,4,0.0460957510579547,0
13,12,5,0,6,4,0.0665583661639992,0
13,12,6,0,6,4,0.709249793435195,1
13,12,7,0,6,4,0.0940418884043478,0
13,12,8,0,6,4,0.0365884460581006,0
13,12,9,0,6,4,0.0954284478345939,0
13,12,10,0,6,4,0.0993755040164582,0
13,12,11,0,6,4,0.203961960443549,0
13,12,12,0,6,4,0.0802634299626497,0
13,12,13,0,6,4,0.0384704075712837,0
13,12,14,0,6,4,0.0499569494619662,0
13,12,15,0,6,4,0.139632567961725,0
13,12,16,0,6,4,0.0301438417831221,0
13,12,17,0,6,4,0.0528728823486073,0
13,12,18,0,6,4,0.162796261972651,0
13,12,19,0,6,4,0.0447445549958818,0
13,12,20,0,6,4,0.375305097379232,0
13,12,21,0,6,4,0.110862974109028,0
13,12,22,0,6,4,0.112521975680239,0
13,12,23,0,6,4,0.15347729768883,0
13,12,24,0,6,4,0.513775677281291,1
13,12,25,0,6,4,0.161079024506544,0
13,12,26,0,6,4,0.200068801563578,0
13,12,27,0,6,4,0.11095375873787,0
13,12,28,0,6,4,0.12399214666382,0
13,12,29,0,6,4,0.0452990306700277,0
13,12,30,0,6,4,0.0694279703829356,0
13,12,31,0,6,4,0.0686013792641961,0
13,12,32,0,6,4,0.0597781208410799,0
13,12,33,0,6,4,0.0506305447000204,0
13,12,34,0,6,4,0.0414353195268441,0
13,12,35,0,6,4,0.0613887778041048,0
13,12,36,0,6,4,0.0306930656907814,0
13,12,37,0,6,4,0.036741643035863,0
13,12,38,0,6,4,0.0353178221408723,0
13,12,39,0,6,4,0.0575670594585909,0
13,12,40,0,6,4,0.0902509021490935,0
14,23,0,0,8,4,0.0701322865790267,0
14,23,1,0,8,4,0.0387145713142991,0
14,23,2,0,8,4,0.100207544567163,0
14,23,3,0,8,4,0.057051811370826,0
14,23,4,0,8,4,0.0888988949896731,0
14,23,5,0,8,4,0.0622109118807381,0
14,23,6,0,8,4,0.0693415094573365,0
14,23,7,0,8,4,0.0496674585446125,0
14,23,8,0,8,4,0.118819616277095,0
14,23,9,0,8,4,0.0654284252182478,0
14,23,10,0,8,4,0.131186175112607,0
14,23,11,0,8,4,0.0762362231069972,0
14,23,12,0,8,4,0.161080141901679,0
14,23,13,0,8,4,0.0639271041382133,0
14,23,14,0,8,4,0.0464526836347822,0
14,23,15,0,8,4,0.0621557020365783,0
14,23,16,0,8,4,0.0563547104427931,0
14,23,17,0,8,4,0.0653481541693014,0
14,23,18,0,8,4,0.0716463344349834,0
14,23,19,0,8,4,0.0608081121273958,0
14,23,20,0,8,4,0.123052184585588,0
14,23,21,0,8,4,0.0473129347290735,0
14,23,22,0,8,4,0.0466387728672818,0
14,23,23,0,8,4,0.0770489948845246,0
14,23,24,0,8,4,0.0623115374789556,0
14,23,25,0,8,4,0.138792549956141,0
14,23,26,0,8,4,0.109021525340002,0
14,23,27,0,8,4,0.0443473911515175,0
14,23,28,0,8,4,0.0589747658315544,0
14,23,29,0,8,4,0.106866079209425,0
14,23,30,0,8,4,0.357998412481061,0
14,23,31,0,8,4,0.107409709417284,0
14,23,32,0,8,4,0.0678808736008955,0
14,23,33,0,8,4,0.0588523964700469,0
14,23,34,0,8,4,0.122245053873885,0
14,23,35,0,8,4,0.0482026476445018,0
14,23,36,0,8,4,0.32890164257189,0
14,23,37,0,8,4,0.0449447085763719,0
14,23,38,0,8,4,0.063401865796902,0
14,23,39,0,8,4,0.109079446126378,0
14,23,40,0,8,4,0.107736386264158,0
14,23,41,0,8,4,0.043557300366724,0
14,23,42,0,8,4,0.815867240176703,1
14,23,43,0,8,4,0.0477427124659568,0
14,23,44,0,8,4,0.0736720421514494,0
14,23,45,0,8,4,0.0806611461474589,0
14,23,46,0,8,4,0.10164308451431,0
14,23,47,0,8,4,0.0759784281155694,0
14,23,48,0,8,4,0.131187809492477,0
14,23,49,0,8,4,0.0841038481123185,0
14,23,50,0,8,4,0.0591794558525347,0
15,41,0,0,0,4,0.05211724556973,0
15,41,1,0,0,4,0.184258091580149,0
15,41,2,0,0,4,0.0836611213826687,0
15,41,3,0,0,4,0.0348277111032478,0
15,41,4,0,0,4,0.0707151477262754,0
15,41,5,0,0,4,0.0627967886703142,0
15,41,6,0,0,4,0.0583263217937281,0
15,41,7,0,0,4,0.0515278718859456,0
15,41,8,0,0,4,0.0812731368206312,0
15,41,9,0,0,4,0.11083247427333,0
15,41,10,0,0,4,0.117774353324086,0
15,41,11,0,0,4,0.0635285863426343,0
15,41,12,0,0,4,0.0357097669881384,0
15,41,13,0,0,4,0.186698049269869,0
15,41,14,0,0,4,0.0360478898591262,0
15,41,15,0,0,4,0.131057801455955,0
15,41,16,0,0,4,0.049875221223365,0
15,41,17,0,0,4,0.623835952585545,1
15,41,18,0,0,4,0.993322191884003,1
15,41,19,0,0,4,0.0278056030325304,0
15,41,20,0,0,4,0.0643697902910917,0
15,41,21,0,0,4,0.0616947732258625,0
15,41,22,0,0,4,0.0303321160121636,0
15,41,23,0,0,4,0.131496793807957,0
15,41,24,0,0,4,0.0526926450993467,0
15,41,25,0,0,4,0.0661971766632682,0
15,41,26,0,0,4,0.0245378039043229,0
15,41,27,0,0,4,0.484859006619536,0
15,41,28,0,0,4,0.0771309333120271,0
15,41,29,0,0,4,0.0852546734337968,0
15,41,30,0,0,4,0.403878829510971,0
15,41,31,0,0,4,0.138804152893983,0
15,41,32,0,0,4,0.0819829311181456,0
16,16,0,0,11,4,0.0763696024657917,0
16,16,1,0,11,4,0.0524845526972681,0
16,16,2,0,11,4,0.873641205399339,1
16,16,3,0,11,4,0.067682547152543,0
16,16,4,0,11,4,0.103165404106962,0
16,16,5,0,11,4,0.076116701143825,0
16,16,6,0,11,4,0.08244152586039,0
16,16,7,0,11,4,0.0284096817171747,0
16,16,8,0,11,4,0.0616857250789206,0
16,16,9,0,11,4,0.10098188835257,0
16,16,10,0,11,4,0.0266363018202179,0
16,16,11,0,11,4,0.0470867859980584,0
16,16,12,0,11,4,0.0914891141388336,0
16,16,13,0,11,4,0.036928513355394,0
16,16,14,0,11,4,0.025568888878558,0
16,16,15,0,11,4,0.0612203804274133,0
16,16,16,0,11,4,0.0816833580786677,0
16,16,17,0,11,4,0.032506777235959,0
16,16,18,0,11,4,0.0490426237401671,0
16,16,19,0,11,4,0.0451968260370962,0
16,16,20,0,11,4,0.0601861520395379,0
16,16,21,0,11,4,0.045824415767834,0
16,16,22,0,11,4,0.11701726787253,0
16,16,23,0,11,4,0.0557012899199319,0
16,16,24,0,11,4,0.0233508228087227,0
16,16,25,0,11,4,0.0958516608966661,0
16,16,26,0,11,4,0.18317482404841,0
16,16,27,0,11,4,0.0547635092322239,0
16,16,28,0,11,4,0.0537413883175828,0
16,16,29,0,11,4,0.0706490477684479,0
16,16,30,0,11,4,0.0641748472308927,0
16,16,31,0,11,4,0.0423163978989456,0
16,16,32,0,11,4,0.0781567900220126,0
16,16,33,0,11,4,0.052311728037612,0
16,16,34,0,11,4,0.0544030795627751,0
16,16,35,0,11,4,0.0713095637746676,0
16,16,36,0,11,4,0.079701176506544,0
16,16,37,0,11,4,0.0474265242655496,0
16,16,38,0,11,4,0.0734477340202504,0
16,16,39,0,11,4,0.0944812425727434,0
16,16,40,0,11,4,0.100322580871175,0
17,16,0,0,11,4,0.1533300111519,0
17,16,1,0,11,4,0.0688118170878956,0
17,16,2,0,11,4,0.932155926617384,1
17,16,3,0,11,4,0.0928651715014109,0
17,16,4,0,11,4,0.0953396643656803,0
17,16,5,0,11,4,0.106745932393307,0
17,16,6,0,11,4,0.12907695437682,0
17,16,7,0,11,4,0.0602462653052281,0
17,16,8,0,11,4,0.0556223796201158,0
17,16,9,0,11,4,0.111969942192153,0
17,16,10,0,11,4,0.0425684739827926,0
17,16,11,0,11,4,0.0647053308984428,0
17,16,12,0,11,4,0.11760417389534,0
17,16,13,0,11,4,0.0732814102020058,0
17,16,14,0,11,4,0.0541548417639267,0
17,16,15,0,11,4,0.0499034496426644,0
17,16,16,0,11,4,0.0749016869269049,0
17,16,17,0,11,4,0.0732569166833563,0
17,16,18,0,11,4,0.0811383104828522,0
17,16,19,0,11,4,0.0505089655522151,0
17,16,20,0,11,4,0.0360881288135615,0
17,16,21,0,11,4,0.123700241602217,0
17,16,22,0,11,4,0.159524483037852,0
17,16,23,0,11,4,0.09374375752498,0
17,16,24,0,11,4,0.0379657488080962,0
17,16,25,0,11,4,0.0792588032246456,0
17,16,26,0,11,4,0.126772861729588,0
17,16,27,0,11,4,0.075683810064544,0
17,16,28,0,11,4,0.0635163403467783,0
17,16,29,0,11,4,0.0399172044700319,0
17,16,30,0,11,4,0.118306696571498,0
17,16,31,0,11,4,0.029816642143294,0
17,16,32,0,11,4,0.0862093512725622,0
17,16,33,0,11,4,0.116825064664479,0
17,16,34,0,11,4,0.0630608472347787,0
17,16,35,0,11,4,0.0979658039933995,0
17,16,36,0,11,4,0.175260014985173,0
17,16,37,0,11,4,0.0895106795164676,0
17,16,38,0,11,4,0.0621449607407163,0
17,16,39,0,11,4,0.0768456445492357,0
17,16,40,0,11,4,0.109425108849168,0
18,20,0,0,11,4,0.0893198227625941,0
18,20,1,0,11,4,0.0596156467892949,0
18,20,2,0,11,4,0.0750122389106465,0
18,20,3,0,11,4,0.0766017430127053,0
18,20,4,0,11,4,0.0586416445004388,0
18,20,5,0,11,4,0.0618735875406272,0
18,20,6,0,11,4,0.0407428843118682,0
18,20,7,0,11,4,0.220178203122716,0
18,20,8,0,11,4,0.117328136951042,0
18,20,9,0,11,4,0.0795161347574957,0
18,20,10,0,11,4,0.0669914256651383,0
18,20,11,0,11,4,0.0845531852606866,0
18,20,12,0,11,4,0.0415034452546888,0
18,20,13,0,11,4,0.0976915508346531,0
18,20,14,0,11,4,0.227741799887556,0
18,20,15,0,11,4,0.083273097709812,0
18,20,16,0,11,4,0.0987086961875117,0
18,20,17,0,11,4,0.0774725668259793,0
18,20,18,0,11,4,0.130146992019121,0
18,20,19,0,11,4,0.0499658909086307,0
18,20,20,0,11,4,0.0597170252110402,0
18,20,21,0,11,4,0.0984118831771067,0
18,20,22,0,11,4,0.128897565720043,0
18,20,23,0,11,4,0.146195905707551,0
18,20,24,0,11,4,0.0979005263758239,0
18,20,25,0,11,4,0.0517931092830082,0
18,20,26,0,11,4,0.0921209132040098,0
18,20,27,0,11,4,0.053694117114267,0
18,20,28,0,11,4,0.113256288328933,0
18,20,29,0,11,4,0.0742666284686188,0
18,20,30,0,11,4,0.074181079609193,0
18,20,31,0,11,4,0.110828981646063,0
18,20,32,0,11,4,0.0420533549159535,0
18,20,33,0,11,4,0.0447119674767962,0
18,20,34,0,11,4,0.0391310441729327,0
18,20,35,0,11,4,0.0866587844168365,0
18,20,36,0,11,4,0.0997513713078913,0
18,20,37,0,11,4,0.0848935191305044,0
18,20,38,0,11,4,0.151592037640319,0
18,20,39,0,11,4,0.0701466314951158,0
18,20,40,0,11,4,0.093649404825717,0
18,20,41,0,11,4,0.0907139427516065,0
18,20,42,0,11,4,0.0773358807959163,0
18,20,43,0,11,4,0.0960267391140933,0
18,20,44,0,11,4,0.0502018204076999,0
18,20,45,0,11,4,0.0781339213540772,0
18,20,46,0,11,4,0.0882089686052934,0
18,20,47,0,11,4,0.138870042278662,0
18,20,48,0,11,4,0.0752828710350894,0
18,20,49,0,11,4,0.0750234794437122,0
18,20,50,0,11,4,0.0547439591927677,0
18,20,51,0,11,4,0.0674376443726209,0
18,20,52,0,11,4,0.141607981192482,0
19,16,0,0,11,4,0.114124380163692,0
19,16,1,0,11,4,0.0743300794790613,0
19,16,2,0,11,4,0.878394505825821,1
19,16,3,0,11,4,0.09527195777545,0
19,16,4,0,11,4,0.119742810504966,0
19,16,5,0,11,4,0.0760903712076528,0
19,16,6,0,11,4,0.0591737972308896,0
19,16,7,0,11,4,0.0434190163995559,0
19,16,8,0,11,4,0.0582032430503719,0
19,16,9,0,11,4,0.0917867006621313,0
19,16,10,0,11,4,0.0513196702124605,0
19,16,11,0,11,4,0.0802826259565267,0
19,16,12,0,11,4,0.146187159215122,0
19,16,13,0,11,4,0.06758858168387,0
19,16,14,0,11,4,0.0556903393947811,0
19,16,15,0,11,4,0.05133423020127,0
19,16,16,0,11,4,0.0694336381885584,0
19,16,17,0,11,4,0.0803570486312451,0
19,16,18,0,11,4,0.0746004878137835,0
19,16,19,0,11,4,0.0483845080031254,0
19,16,20,0,11,4,0.0435962658865005,0
19,16,21,0,11,4,0.0719738232972104,0
19,16,22,0,11,4,0.172867174528831,0
19,16,23,0,11,4,0.0650158888433224,0
19,16,24,0,11,4,0.0536250729450718,0
19,16,25,0,11,4,0.0717545908102374,0
19,16,26,0,11,4,0.177061904431922,0
19,16,27,0,11,4,0.0536661510353576,0
19,16,28,0,11,4,0.0747690088014785,0
19,16,29,0,11,4,0.0455629447625449,0
19,16,30,0,11,4,0.117252657409947,0
19,16,31,0,11,4,0.0466612627960155,0
19,16,32,0,11,4,0.0684211048760631,0
19,16,33,0,11,4,0.0785588362854708,0
19,16,34,0,11,4,0.0747340969919329,0
19,16,35,0,11,4,0.0709778914629179,0
19,16,36,0,11,4,0.151796092761783,0
19,16,37,0,11,4,0.11081824500782,0
19,16,38,0,11,4,0.0956198344524406,0
19,16,39,0,11,4,0.0879616511925647,0
19,16,40,0,11,4,0.0994356013482986,0
20,61,0,0,9,4,0.0498945638202789,0
20,61,1,0,9,4,0.0990132111995689,0
20,61,2,0,9,4,0.0874661772766535,0
20,61,3,0,9,4,0.0808579945735532,0
20,61,4,0,9,4,0.0709242303704442,0
20,61,5,0,9,4,0.106155791578709,0
20,61,6,0,9,4,0.0862592849158735,0
20,61,7,0,9,4,0.0722140724620255,0
20,61,8,0,9,4,0.055741984669998,0
20,61,9,0,9,4,0.0550682584245798,0
20,61,10,0,9,4,0.22679322682086,0
20,61,11,0,9,4,0.117564224399406,0
20,61,12,0,9,4,0.129111581680443,0
20,61,13,0,9,4,0.0786107873470794,0
20,61,14,0,9,4,0.0651521554426598,0
20,61,15,0,9,4,0.087667878114864,0
20,61,16,0,9,4,0.0673417109737139,0
20,61,17,0,9,4,0.0650842109864287,0
20,61,18,0,9,4,0.067599660143727,0
20,61,19,0,9,4,0.0710622223584988,0
21,39,0,0,0,4,0.086615792590471,0
21,39,1,0,0,4,0.100803397910955,0
21,39,2,0,0,4,0.085537229009885,0
21,39,3,0,0,4,0.078600709061113,0
21,39,4,0,0,4,0.0453282167147477,0
21,39,5,0,0,4,0.0761133229157967,0
21,39,6,0,0,4,0.0603617627325317,0
21,39,7,0,0,4,0.0725185475916073,0
21,39,8,0,0,4,0.0826503471562761,0
21,39,9,0,0,4,0.134361106645925,0
21,39,10,0,0,4,0.110738766630616,0
21,39,11,0,0,4,0.967892499417656,1
21,39,12,0,0,4,0.115474569101116,0
21,39,13,0,0,4,0.092748875524103,0
21,39,14,0,0,4,0.0658720968427969,0
21,39,15,0,0,4,0.247524306430985,0
21,39,16,0,0,4,0.0428768997282509,0
21,39,17,0,0,4,0.0751474003356291,0
21,39,18,0,0,4,0.0743183268157214,0
21,39,19,0,0,4,0.0492849208730361,0
21,39,20,0,0,4,0.0477262259030528,0
21,39,21,0,0,4,0.056890561683729,0
21,39,22,0,0,4,0.0556487584254989,0
21,39,23,0,0,4,0.0400416823082581,0
21,39,24,0,0,4,0.0395018574720533,0
21,39,25,0,0,4,0.0809239906491789,0
21,39,26,0,0,4,0.0807254493453309,0
21,39,27,0,0,4,0.0595916114182424,0
21,39,28,0,0,4,0.0450137656671629,0
21,39,29,0,0,4,0.0616177049527457,0
21,39,30,0,0,4,0.0440353478575742,0
21,39,31,0,0,4,0.0929523817142724,0
22,27,0,0,5,4,0.112031270542856,0
22,27,1,0,5,4,0.0463002606661672,0
22,27,2,0,5,4,0.0748924736430406,0
22,27,3,0,5,4,0.0509400088974999,0
22,27,4,0,5,4,0.161925224155924,0
22,27,5,0,5,4,0.882224845861209,1
22,27,6,0,5,4,0.0291105085140222,0
22,27,7,0,5,4,0.043432392178228,0
22,27,8,0,5,4,0.372646656555911,0
22,27,9,0,5,4,0.0534600252783671,0
22,27,10,0,5,4,0.0588992317176167,0
22,27,11,0,5,4,0.814248494010399,1
22,27,12,0,5,4,0.0368197904515347,0
22,27,13,0,5,4,0.0572553398631179,0
22,27,14,0,5,4,0.0451517775008506,0
22,27,15,0,5,4,0.0314814072618576,0
22,27,16,0,5,4,0.119373217912479,0
22,27,17,0,5,4,0.174136949006268,0
22,27,18,0,5,4,0.169314474890326,0
22,27,19,0,5,4,0.0706544467257431,0
22,27,20,0,5,4,0.0452760571833176,0
22,27,21,0,5,4,0.0945158097665288,0
22,27,22,0,5,4,0.0775837261835901,0
22,27,23,0,5,4,0.126685127307289,0
22,27,24,0,5,4,0.0927072110948767,0
22,27,25,0,5,4,0.0318288793889129,0
22,27,26,0,5,4,0.0579294232290541,0
22,27,27,0,5,4,0.0291947001258128,0
22,27,28,0,5,4,0.0365093914613518,0
22,27,29,0,5,4,0.139159930714034,0
22,27,30,0,5,4,0.0855663216642368,0
22,27,31,0,5,4,0.0254772914753434,0
22,27,32,0,5,4,0.516291585799161,1
22,27,33,0,5,4,0.736103896103896,1
22,27,34,0,5,4,0.0375114220708025,0
22,27,35,0,5,4,0.0253241941919922,0
22,27,36,0,5,4,0.341843283832482,0
22,27,37,0,5,4,0.0764721608800008,0
22,27,38,0,5,4,0.0326245559592018,0
22,27,39,0,5,4,0.142959190677508,0
22,27,40,0,5,4,0.106230664366787,0
22,27,41,0,5,4,0.062475162998065,0
22,27,42,0,5,4,0.203347035330737,0
22,27,43,0,5,4,0.0617382687094535,0
22,27,44,0,5,4,0.045953078320779,0
22,27,45,0,5,4,0.0509131573700014,0
22,27,46,0,5,4,0.035309593801787,0
22,27,47,0,5,4,0.0567807353329478,0
22,27,48,0,5,4,0.0271531719938023,0
22,27,49,0,5,4,0.028421742771325,0
22,27,50,0,5,4,0.533462363615202,1
22,27,51,0,5,4,0.0731222108237322,0
22,27,52,0,5,4,0.082491449763814,0
22,27,53,0,5,4,0.0566011646546032,0
22,27,54,0,5,4,0.065437986938808,0
23,25,0,0,8,4,0.0928417179618157,0
23,25,1,0,8,4,0.0632884426625464,0
23,25,2,0,8,4,0.0711893562273732,0
23,25,3,0,8,4,0.0595310060638549,0
23,25,4,0,8,4,0.030656973651607,0
23,25,5,0,8,4,0.106544636947418,0
23,25,6,0,8,4,0.0380201592592243,0
23,25,7,0,8,4,0.0594255495917182,0
23,25,8,0,8,4,0.0498536524601946,0
23,25,9,0,8,4,0.0514590996860793,0
23,25,10,0,8,4,0.0680316873197896,0
23,25,11,0,8,4,0.0488407031225329,0
23,25,12,0,8,4,0.0687014131081905,0
23,25,13,0,8,4,0.186186874596969,0
23,25,14,0,8,4,0.515006275081429,1
23,25,15,0,8,4,0.125070251618955,0
23,25,16,0,8,4,0.0405809786370544,0
23,25,17,0,8,4,0.0559028691457007,0
23,25,18,0,8,4,0.0751409425890926,0
23,25,19,0,8,4,0.0505205971127764,0
23,25,20,0,8,4,0.0933262725558934,0
23,25,21,0,8,4,0.0671627282797737,0
23,25,22,0,8,4,0.0783560781731616,0
23,25,23,0,8,4,0.218914322942535,0
23,25,24,0,8,4,0.0702233654150772,0
23,25,25,0,8,4,0.0699079858274949,0
23,25,26,0,8,4,0.0436889833511016,0
23,25,27,0,8,4,0.0702787218452103,0
23,25,28,0,8,4,0.047926551228147,0
23,25,29,0,8,4,0.0577685536405826,0
23,25,30,0,8,4,0.0472460539287963,0
23,25,31,0,8,4,0.0569394166580666,0
23,25,32,0,8,4,0.157301059148909,0
23,25,33,0,8,4,0.252500585289684,0
23,25,34,0,8,4,0.0541551328922629,0
23,25,35,0,8,4,0.0576755068670325,0
23,25,36,0,8,4,0.0580864949491579,0
23,25,37,0,8,4,0.16040267776052,0
23,25,38,0,8,4,0.24986773087473,0
23,25,39,0,8,4,0.0837765517651087,0
23,25,40,0,8,4,0.0481234872734656,0
23,25,41,0,8,4,0.0634421200811847,0
23,25,42,0,8,4,0.0527171032626714,0
23,25,43,0,8,4,0.0672968058677248,0
23,25,44,0,8,4,0.0303813589303361,0
23,25,45,0,8,4,0.0676217787475214,0
23,25,46,0,8,4,0.063816122038525,0
23,25,47,0,8,4,0.0588854620441083,0
23,25,48,0,8,4,0.0716074599402345,0
23,25,49,0,8,4,0.133957257484004,0
23,25,50,0,8,4,0.0366851157957896,0
23,25,51,0,8,4,0.0641841149251671,0
23,25,52,0,8,4,0.0494083095564047,0
24,24,0,0,8,4,0.0218895636891957,0
24,24,1,0,8,4,0.124431092055311,0
24,24,2,0,8,4,0.0920864425913711,0
24,24,3,0,8,4,0.0873639314030678,0
24,24,4,0,8,4,0.125515168464571,0
24,24,5,0,8,4,0.127846795744938,0
24,24,6,0,8,4,0.083000811423459,0
24,24,7,0,8,4,0.174887635172508,0
24,24,8,0,8,4,0.143560805185681,0
24,24,9,0,8,4,0.104529107407604,0
24,24,10,0,8,4,0.0272764757959109,0
24,24,11,0,8,4,0.0333640928164024,0
24,24,12,0,8,4,0.0904194856662911,0
24,24,13,0,8,4,0.133888743912062,0
24,24,14,0,8,4,0.0446560943212486,0
24,24,15,0,8,4,0.125855640776495,0
24,24,16,0,8,4,0.0978842803016852,0
24,24,17,0,8,4,0.041172561216627,0
25,59,0,0,9,4,0.0482451725698949,0
25,59,1,0,9,4,0.0718497636941589,0
25,59,2,0,9,4,0.0690834612861705,0
25,59,3,0,9,4,0.0392314644252696,0
25,59,4,0,9,4,0.0877463756666514,0
25,59,5,0,9,4,0.078216733287948,0
25,59,6,0,9,4,0.0412330081202147,0
25,59,7,0,9,4,0.0300201233317351,0
25,59,8,0,9,4,0.0767319483620796,0
25,59,9,0,9,4,0.115057317444244,0
25,59,10,0,9,4,0.0775291247804737,0
25,59,11,0,9,4,0.12077386766062,0
25,59,12,0,9,4,0.0655290979156923,0
25,59,13,0,9,4,0.0432926202791415,0
25,59,14,0,9,4,0.086038983829096,0
25,59,15,0,9,4,0.0468341492927992,0
25,59,16,0,9,4,0.0938618736328807,0
25,59,17,0,9,4,0.0518425086275398,0
25,59,18,0,9,4,0.107660563544351,0
25,59,19,0,9,4,0.0591901822636456,0
25,59,20,0,9,4,0.0635382984893601,0
25,59,21,0,9,4,0.0503834230795562,0
25,59,22,0,9,4,0.102278359102696,0
25,59,23,0,9,4,0.0591835287231298,0
25,59,24,0,9,4,0.0969708442259746,0
25,59,25,0,9,4,0.0499016484320505,0
25,59,26,0,9,4,0.592037578309027,1
25,59,27,0,9,4,0.226672156384221,0
25,59,28,0,9,4,0.829712007956026,1
25,59,29,0,9,4,0.325656414765314,0
25,59,30,0,9,4,0.579692999751674,1
25,59,31,0,9,4,0.207330593018835,0
25,59,32,0,9,4,0.0767536759614225,0
25,59,33,0,9,4,0.109287569455908,0
25,59,34,0,9,4,0.059799796552106,0
25,59,35,0,9,4,0.0277782949303945,0
25,59,36,0,9,4,0.1146825617629,0
25,59,37,0,9,4,0.0481017265905425,0
25,59,38,0,9,4,0.128804791007103,0
25,59,39,0,9,4,0.143582981534121,0
25,59,40,0,9,4,0.0936826642159006,0
26,24,0,0,8,4,0.0425358246768567,0
26,24,1,0,8,4,0.0719577371696361,0
26,24,2,0,8,4,0.0452481505253995,0
26,24,3,0,8,4,0.031172617963971,0
26,24,4,0,8,4,0.0594590417707479,0
26,24,5,0,8,4,0.0649636511546909,0
26,24,6,0,8,4,0.0425097801692918,0
26,24,7,0,8,4,0.0660747018945378,0
26,24,8,0,8,4,0.0386416865157855,0
26,24,9,0,8,4,0.065400350026909,0
26,24,10,0,8,4,0.0444079993513032,0
26,24,11,0,8,4,0.0385250999229945,0
26,24,12,0,8,4,0.0374956238890124,0
26,24,13,0,8,4,0.112260241116181,0
26,24,14,0,8,4,0.0391109320486295,0
26,24,15,0,8,4,0.0616028078830721,0
26,24,16,0,8,4,0.0295587570399081,0
26,24,17,0,8,4,0.0415377938648716,0
27,29,0,0,5,4,0.0859788620297468,0
27,29,1,0,5,4,0.124978281391942,0
27,29,2,0,5,4,0.058783112919876,0
27,29,3,0,5,4,0.176505781022004,0
27,29,4,0,5,4,0.0662561506908126,0
27,29,5,0,5,4,0.315061605169309,0
27,29,6,0,5,4,0.0445521647220887,0
27,29,7,0,5,4,0.0664157175117162,0
27,29,8,0,5,4,0.0599802881518723,0
27,29,9,0,5,4,0.0992281692568075,0
27,29,10,0,5,4,0.0570624108747273,0
27,29,11,0,5,4,0.0689240103349552,0
27,29,12,0,5,4,0.219613721926057,0
27,29,13,0,5,4,0.0586102177066586,0
27,29,14,0,5,4,0.172142768928954,0
27,29,15,0,5,4,0.0596579901266844,0
27,29,16,0,5,4,0.15739969790782,0
27,29,17,0,5,4,0.049771576361782,0
27,29,18,0,5,4,0.0626615511073974,0
27,29,19,0,5,4,0.0603661356569253,0
27,29,20,0,5,4,0.0691346355000946,0
27,29,21,0,5,4,0.160526557068207,0
27,29,22,0,5,4,0.133746912700846,0
27,29,23,0,5,4,0.0715295803375735,0
27,29,24,0,5,4,0.0769400468301601,0
27,29,25,0,5,4,0.0429529725465965,0
27,29,26,0,5,4,0.13135686655507,0
27,29,27,0,5,4,0.141854515548816,0
27,29,28,0,5,4,0.0966942203921387,0
27,29,29,0,5,4,0.14968850421071,0
27,29,30,0,5,4,0.0821347349824368,0
27,29,31,0,5,4,0.0450537994816749,0
27,29,32,0,5,4,0.0658618133669345,0
27,29,33,0,5,4,0.146450846304563,0
27,29,34,0,5,4,0.0604500189034776,0
27,29,35,0,5,4,0.0544182455521918,0
27,29,36,0,5,4,0.159029873996301,0
27,29,37,0,5,4,0.0686024490997807,0
27,29,38,0,5,4,0.0691517247344157,0
27,29,39,0,5,4,0.0517750793729861,0
27,29,40,0,5,4,0.0579528076903787,0
27,29,41,0,5,4,0.10173887748723,0
27,29,42,0,5,4,0.174833561741624,0
28,32,0,0,2,4,0.026793252431884,0
28,32,1,0,2,4,0.0404201529585015,0
28,32,2,0,2,4,0.037323560848267,0
28,32,3,0,2,4,0.0530800988739717,0
28,32,4,0,2,4,0.0507809918626202,0
28,32,5,0,2,4,0.046909306493412,0
28,32,6,0,2,4,0.280984270747679,0
28,32,7,0,2,4,0.032286077194543,0
28,32,8,0,2,4,0.0523193799271197,0
28,32,9,0,2,4,0.0493946074042402,0
28,32,10,0,2,4,0.0721046130274712,0
28,32,11,0,2,4,0.0573849110291873,0
28,32,12,0,2,4,0.0309193425673646,0
28,32,13,0,2,4,0.0400474928107046,0
28,32,14,0,2,4,0.0406080527755957,0
28,32,15,0,2,4,0.0523793357369499,0
28,32,16,0,2,4,0.0425975051357265,0
28,32,17,0,2,4,0.0416220448340149,0
28,32,18,0,2,4,0.0594799696483185,0
28,32,19,0,2,4,0.184425736181491,0
28,32,20,0,2,4,0.0359426954486292,0
28,32,21,0,2,4,0.0320033538942426,0
28,32,22,0,2,4,0.0602664064745982,0
28,32,23,0,2,4,0.0819508588055868,0
28,32,24,0,2,4,0.0561083158135107,0
28,32,25,0,2,4,0.0474161585969715,0
28,32,26,0,2,4,0.0543518489082984,0
28,32,27,0,2,4,0.0446772988358214,0
28,32,28,0,2,4,0.0418672697740662,0
28,32,29,0,2,4,0.0478388451069246,0
28,32,30,0,2,4,0.0409678715208486,0
28,32,31,0,2,4,0.0923527539714294,0
28,32,32,0,2,4,0.032140085811084,0
28,32,33,0,2,4,0.0640785168029575,0
28,32,34,0,2,4,0.0434718741359209,0
28,32,35,0,2,4,0.0894538470225722,0
28,32,36,0,2,4,0.0520767171798433,0
28,32,37,0,2,4,0.0347845516242815,0
28,32,38,0,2,4,0.0540791136008483,0
28,32,39,0,2,4,0.0300854957957364,0
28,32,40,0,2,4,0.045144600004195,0
28,32,41,0,2,4,0.040515441418531,0
28,32,42,0,2,4,0.264503038259014,0
28,32,43,0,2,4,0.170575896310723,0
28,32,44,0,2,4,0.0482552243982636,0
